,Title,Url
0,나만의 웹 크롤러 만들기(4): Django로 크롤링한 데이터 저장하기,/beomi.github.io_old/python/2017/02/28/HowToMakeWebCrawler-Save-with-Django.html
1,나만의 웹 크롤러 만들기(3): Selenium으로 무적 크롤러 만들기,/beomi.github.io_old/python/2017/02/27/HowToMakeWebCrawler-With-Selenium.html
2,Django에 Social Login 붙이기: Django세팅부터 Facebook/Google 개발 설정까지,/beomi.github.io_old/python/2017/02/08/Setup-SocialAuth-for-Django.html
3,Django에 Custom인증 붙이기,/beomi.github.io_old/python/2017/02/01/Django-CustomAuth.html
4,나만의 웹 크롤러 만들기(2): Login with Session,/beomi.github.io_old/python/2017/01/20/HowToMakeWebCrawler-With-Login.html
5,나만의 웹 크롤러 만들기 with Requests/BeautifulSoup,/beomi.github.io_old/python/2017/01/19/HowToMakeWebCrawler.html
6,Celery로 TelegramBot 알림 보내기,/beomi.github.io_old/2016/12/27/TelegramBot-with-Celery.html
7,Virtualenv/VirtualenvWrapper OS별 설치&이용법,/beomi.github.io_old/2016/12/27/HowToSetup-Virtualenv-VirtualenvWrapper.html
8,[DjangoTDDStudy] #02: UnitTest 이용해 기능 테스트 하기,/beomi.github.io_old/djangotddstudy/2016/12/26/Django-TDD-Study-02-Using-UnitTest.html
9,[DjangoTDDStudy] #01: 개발환경 세팅하기(Selenium / ChromeDriver),/beomi.github.io_old/djangotddstudy/2016/12/26/Django-TDD-Study-01-Setting-DevEnviron.html
10,[DjangoTDDStudy] #00: 스터디를 시작하며,/beomi.github.io_old/djangotddstudy/2016/12/26/Django-TDD-Study-00-Starting-Study.html
11,Fabric Put 커맨드가 No Such File Exception을 반환할 때 해결법,/beomi.github.io_old/2016/12/21/Fabric-Put-Command-No-Such-File-Exception.html
12,CKEditor의 라이센스와 오픈소스 라이센스,/beomi.github.io_old/2016/12/21/CKEditor-Lisence-and-Pricing.html
13,ReactNative The Basis 번역을 끝냈습니다.,/beomi.github.io_old/translation/2016/12/20/ReactNative-Translation-Intro-Finish.html
14,[React Native 번역]#01: 시작하기,/beomi.github.io_old/translation/2016/11/15/ReactNative-Translation-01-getting-started.html
15,[번역] 장고(Django)와 함께하는 Celery 첫걸음,/beomi.github.io_old/django-celery/programming/python/translation/2016/11/04/eb-b2-88-ec-97-ad-ec-9e-a5-ea-b3-a0django-ec-99-80-ed-95-a8-ea-bb-98-ed-95-98-eb-8a-94-celery-ec-b2-ab-ea-b1-b8-ec-9d-8c.html
16,Chrome Native Adblockr 대체하기,/beomi.github.io_old/tech/2016/09/14/chrome-native-adblockr-eb-8c-80-ec-b2-b4-ed-95-98-ea-b8-b0.html
17,CustoMac 설치 분투기,/beomi.github.io_old/dev%20env%20setup/mac%20/%20os%20x/tech/2016/08/09/customac-ec-84-a4-ec-b9-98-eb-b6-84-ed-88-ac-ea-b8-b0.html
18,Ubuntu14.04에 OhMyZsh 설치,/beomi.github.io_old/dev%20env%20setup/tech/ubuntu%20/%20debian/2016/07/22/ubuntu14-04-ec-97-90-ohmyzsh-ec-84-a4-ec-b9-98.html
19,Ubuntu14.04에서 pip로 mysqlclient 설치 실패시,/beomi.github.io_old/programming/python/tech/2016/07/22/ubuntu14-04-ec-97-90-ec-84-9c-pip-eb-a1-9c-mysqlclient-ec-84-a4-ec-b9-98-ec-8b-a4-ed-8c-a8-ec-8b-9c.html
20,Ubuntu14.04에서 Python3기반 virtualenvwrapper 설치,/beomi.github.io_old/mac%20/%20os%20x/programming/python/tech/2016/07/22/ubuntu14-04-ec-97-90-ec-84-9c-python3-ea-b8-b0-eb-b0-98-virtualenvwrapper-ec-84-a4-ec-b9-98.html
21,mac OS X에서 pip virtualenvwrapper 설치 시 uninstalling six 에서 Exception 발생 시,/beomi.github.io_old/mac%20/%20os%20x/programming/python/tech/2016/07/21/mac-os-x-ec-97-90-ec-84-9c-pip-virtualenvwrapper-ec-84-a4-ec-b9-98-ec-8b-9c-uninstalling-six-ec-97-90-ec-84-9c-exception-eb-b0-9c-ec-83-9d-ec-8b-9c.html
22,Fabric for Python3 (Fabric3),/beomi.github.io_old/programming/python/2016/07/17/fabric-for-python3-fabric3.html
23,Windows에서 pip로 mysqlclient 설치 실패시(python3.4/3.5),/beomi.github.io_old/programming/python/2016/06/04/windows-ec-97-90-ec-84-9c-pip-eb-a1-9c-mysqlclient-ec-84-a4-ec-b9-98-ec-8b-a4-ed-8c-a8-ec-8b-9cpython3-43-5.html
24,맥에서 윈도RDP로 접속시 한영전환하기.,/beomi.github.io_old/mac%20/%20os%20x/tech/2016/05/27/eb-a7-a5-ec-97-90-ec-84-9c-ec-9c-88-eb-8f-84rdp-eb-a1-9c-ec-a0-91-ec-86-8d-ec-8b-9c-ed-95-9c-ec-98-81-ec-a0-84-ed-99-98-ed-95-98-ea-b8-b0.html
25,pip로 mysqlclient설치 중 mac os x에서 egg_info / OSError 발생시 대처방법,/beomi.github.io_old/programming/python/2016/05/27/pip-eb-a1-9c-mysqlclient-ec-84-a4-ec-b9-98-ec-a4-91-mac-os-x-ec-97-90-ec-84-9c-egg_info-oserror-eb-b0-9c-ec-83-9d-ec-8b-9c-eb-8c-80-ec-b2-98-eb-b0-a9-eb-b2-95.html
